{
    "PressToOpen": "Press [~e~Space~q~] to access the armory",
    "MenuMainDesc": "Buy weapons, ammo & upgrades",
    "MenuMainButtonBuyWeapons": "Buy Weapons",
    "MenuBuyWeaponsDesc": "Confirm",
    "MenuBuyWeaponsButtonNo": "Cancel",
    "MenuBuyWeaponsButtonYes": "Buy for {0}$",
    "YouBoughtWeapon": "You have bought {0} for {1}$",

    "MenuMainButtonBuyAmmo": "Buy Ammo",
    //"MenuBuyAmmoDesc": "Confirm",
    //"MenuBuyAmmoButtonNo": "Cancel",
    //"MenuBuyAmmoButtonYes": "Buy for {0}$",

    "MenuMainButtonManageWeapon": "Manage Weapons",
    "MenuManageWeaponDesc": "Manage your weapons",
    "MenuManageAmmo": "Buy Ammo",
    "MenuManageAmmoDesc": "Choose an option",
    "ManageAmmoRestockMenu": "Refill Ammo",
    "ManageAmmoRestockBtnRestock": "({0}/{1}) {2}$",
    "ManageAmmoRestockBtnFull": "Ammo Clip Full",
    //"MenuManageWeaponButtonNo": "Cancel",
    //"MenuManageWeaponButtonYes": "Buy for {0}$",

    "NoMoney": "You do not have enough money",
    "AmmoIsFull": "You can not use the ammo clip unless you have used 10 bullets",
    "IncorretWeapon": "This ammo clip does not work with this weapon",
    "NeedWeaponOnHand": "You need to have a weapon equipped",

    // Arrows
    "AMMO_ARROW": "Arrows",
    "AMMO_ARROW_DYNAMITE": "Explosive arrows",
    "AMMO_ARROW_FIRE": "Incendiary arrows",
    "AMMO_ARROW_IMPROVED": "Improved arrows",
    "AMMO_ARROW_POISON": "Poisoned arrows",
    "AMMO_ARROW_SMALL_GAME": "Small Game arrows",

    // Pistol ammo
    "AMMO_PISTOL": "Normal ammo",
    "AMMO_PISTOL_EXPRESS": "Express ammo",
    "AMMO_PISTOL_EXPRESS_EXPLOSIVE": "Explosive ammo",
    "AMMO_PISTOL_HIGH_VELOCITY": "High Velocity ammo",
    "AMMO_PISTOL_SPLIT_POINT": "Split Point ammo",

    // Revolver ammo
    "AMMO_REVOLVER": "Normal ammo",
    "AMMO_REVOLVER_EXPRESS": "Express ammo",
    "AMMO_REVOLVER_EXPRESS_EXPLOSIVE": "Explosive ammo",
    "AMMO_REVOLVER_HIGH_VELOCITY": "High Velocity ammo",
    "AMMO_REVOLVER_SPLIT_POINT": "Split Point ammo",

    // Repeater ammo
    "AMMO_REPEATER": "Normal ammo",
    "AMMO_REPEATER_EXPRESS": "Express ammo",
    "AMMO_REPEATER_EXPRESS_EXPLOSIVE": "Explosive ammo",
    "AMMO_REPEATER_HIGH_VELOCITY": "High Velocity ammo",

    // Rifle ammo
    "AMMO_RIFLE": "Normal ammo",
    "AMMO_RIFLE_EXPRESS": "Express ammo",
    "AMMO_RIFLE_EXPRESS_EXPLOSIVE": "Explosive ammo",
    "AMMO_RIFLE_HIGH_VELOCITY": "High Velocity ammo",
    "AMMO_RIFLE_SPLIT_POINT": "Split Point ammo",

    // Shotgun ammo
    "AMMO_SHOTGUN": "Normal cartridge",
    "AMMO_SHOTGUN_BUCKSHOT_INCENDIARY": "Incendiary cartridge",
    "AMMO_SHOTGUN_EXPRESS_EXPLOSIVE": "Explosive cartridge",
    "AMMO_SHOTGUN_SLUG": "Slugs",

    // Munición de Varmint (Hunting)
    "AMMO_22": "Varmint ammo",

    // Throwing knives
    "AMMO_THROWING_KNIVES": "Normal knives",
    "AMMO_THROWING_KNIVES_IMPROVED": "Improved knives",
    "AMMO_THROWING_KNIVES_POISON": "Poisoned knives",

    // Tomahawks
    "AMMO_TOMAHAWK": "Normal tomahawk",
    "AMMO_TOMAHAWK_IMPROVED": "Improved tomahawk",
    "AMMO_TOMAHAWK_HOMING": "Homing tomahawk",

    "ammo_bullet_revolver": "Buy Revolver Ammo (10x {0}$)",
    "ammo_bullet_pistol": "Buy Pistol Ammo (10x {0}$)",
    "ammo_shotgun": "Buy Shotgun Ammo (10x {0}$)",
    "ammo_bullet_repeater": "Buy Repeater Ammo (10x {0}$)",
    "ammo_bullet_rifle": "Buy Rifle Ammo (10x {0}$)",
    "ammo_bullet_varmint": "Buy Varmint Ammo (10x {0}$)"
}